CLADE	FAMILY_ID	MIRBASE_IDS	SEQ	CD4_S4
primates	548	mml-miR-548j	AAAAACCGCAATTACTTTTG	3
primates	548	hsa-miR-548e	AAAAACTGAGACTACTTTTG	386
primates	548	hsa-miR-548av	AAAACTGCAGTTACTTTTGC	10
primates	548	hsa-miR-548an	AAAAGGCATTGTGGTTTTTG	2
primates	548	hsa-miR-548ak,hsa-miR-548w	AAAAGTAACTGCGGTTTTTG	18
primates	548	hsa-miR-548i,ptr-miR-548i	AAAAGTAATTGCGGATTTTG	2
primates	548	hsa-miR-548j,ptr-miR-548j	AAAAGTAATTGCGGTCTTTG	30
primates	548	hsa-miR-548am,hsa-miR-548au,hsa-miR-548c,hsa-miR-548o,ppy-miR-548h,ptr-miR-548o	AAAAGTAATTGCGGTTTTTG	6
primates	548	hsa-miR-548ab	AAAAGTAATTGTGGATTTTG	28
primates	548	hsa-miR-548b	AAAAGTAATTGTGGTTTTGG	8
primates	548	ggo-miR-548a,hsa-miR-548ad,hsa-miR-548ae,hsa-miR-548ay,hsa-miR-548d,ppy-miR-548a	AAAAGTAATTGTGGTTTTTG	23
primates	548	ggo-miR-548c,hsa-miR-548k,ppy-miR-548c,ptr-miR-548k	AAAAGTACTTGCGGATTTTG	140
primates	548	hsa-miR-548l,ptr-miR-548l	AAAAGTATTTGCGGGTTTTG	6
primates	548	hsa-miR-548at	AAAAGTTATTGCGGTTTTGG	1
primates	618	hsa-miR-618,mml-miR-618,ppy-miR-618,ptr-miR-618	AAACTCTACTTGTCCTTCTG	193
primates	548	hsa-miR-548ai	AAAGGTAATTGCAGTTTTTC	1
primates	548	hsa-miR-548ag	AAAGGTAATTGTGGTTTCTG	11
primates	944	hsa-miR-944,ptr-miR-944	AAATTATTGTACATCGGATG	8
primates	548	hsa-miR-548al	AACGGCAATGACTTTTGTAC	1
primates	1250	ggo-miR-1250,hsa-miR-1250,ppy-miR-1250,ptr-miR-1250	ACGGTGCTGGATGTGGCCTT	2
primates	616	hsa-miR-616	ACTCAAAACCCTTCAGTGAC	9
primates	643	hsa-miR-643,ptr-miR-643	ACTTGTATGCTAGCTCAGGT	2
primates	1252	hsa-miR-1252	AGAAGGAAATTGAATTCATT	9
primates	642	hsa-miR-642b	AGACACATTTGGAGAGGGAC	8
primates	616	hsa-miR-616,ptr-miR-616	AGTCATTGGAGGGTTTGAGC	6
primates	937	hsa-miR-937,ptr-miR-937	ATCCGCGCTCTGACTCTCTG	2
primates	1262	hsa-miR-1262,ppy-miR-1262,ptr-miR-1262	ATGGGTGAATTTGTAGAAGG	1
primates	576	hsa-miR-576	ATTCTAATTTCTCCACGTCT	96
primates	548	hsa-miR-548d	CAAAAACCACAGTTTCTTTT	2
primates	548	hsa-miR-548h,hsa-miR-548z	CAAAAACCGCAATTACTTTT	3
primates	548	hsa-miR-548ac	CAAAAACCGGCAATTACTTT	2
primates	548	hsa-miR-548aq	CAAAAACTGCAATTACTTTT	102
primates	548	ggo-miR-548d,hsa-miR-548ah,hsa-miR-548am	CAAAAACTGCAGTTACTTTT	25
primates	548	hsa-miR-548j	CAAAAACTGCATTACTTTTG	3
primates	548	ppy-miR-548f	CAAAAACTGTAATTACTTTT	69
primates	548	hsa-miR-548ay	CAAAACCGCGATTACTCTTG	11
primates	548	hsa-miR-548a,ptr-miR-548a	CAAAACTGGCAATTACTTTT	19
primates	548	hsa-miR-548n,ptr-miR-548n	CAAAAGTAATTGTGGATTTT	8
primates	548	ggo-miR-548f,hsa-miR-548t	CAAAAGTGATCGTGGTTTTT	8
primates	548	hsa-miR-548u	CAAAGACTGCAATTACTTTT	15
primates	548	hsa-miR-548b,ptr-miR-548b	CAAGAACCTCAGTTGCTTTT	1
primates	548	hsa-miR-548o	CCAAAACTGCAGTTACTTTT	468
primates	556	hsa-miR-556,ppy-miR-556	GATGAGCTCATTGTAATATG	2
primates	642	hsa-miR-642a,mml-miR-642,ptr-miR-642	GTCCCTCTCCAAATGTGTCT	33
primates	548	hsa-miR-548ar	TAAAACTGCAGTTATTTTTG	1
primates	1226	hsa-miR-1226,mml-miR-1226,ppy-miR-1226,ptr-miR-1226	TCACCAGCCCTGTGTTCCCT	36
primates	627	hsa-miR-627	TCTTTTCTTTGAGACTCACT	19
primates	939	hsa-miR-939,mml-miR-939,ppy-miR-939,ptr-miR-939	TGGGGAGCTGAGGCTCTGGG	1
primates	550	hsa-miR-550a	TGTCTTACTCCCTCAGGCAC	3
primates	933	hsa-miR-933,mml-miR-933,ppy-miR-933,ptr-miR-933	TGTGCGCAGGGAGACCTCTC	1
primates	597	hsa-miR-597,ppy-miR-597,ptr-miR-597	TGTGTCACTCGATGACCACT	1
primates	584	ggo-miR-584,hsa-miR-584,mml-miR-584,ppy-miR-584,ptr-miR-584	TTATGGTTTGCCTGGGACTG	109
